No,Name,Year,G_B,PA,AB,R_B,H_B,2B_B,3B_B,HR_B,TB,RBI,SB,CS,BB_B,HBP_B,IBB_B,SO_B,GDP,SAC,SF,AVG,OBP,SLG,OPS,wOBA,wRC+,WAR_B,WPA_B,G_P,CG,ShO,GS,W_P,L_P,SV,HLD(HD),IP,R_P,ER,TBF,H_P,2B_P,3B_P,HR_P,BB_P,IBB_P,HBP_P,SO_P,BK,WP,ERA,FIP,WHIP,ERA+,FIP+,WAR_P,WPA_P,Rank,G,W_T,L_T,D,P
1,MBC,1982,952,3061,2686,419,757,124,12,65,1100,381,134,60,268,47,20,316,56,32,27,.282,.354,.410,.764,.346,109.5,19.33,,186,19,8,79,46,33,15,0,708.0,350,276,2994,660,,,52,259,10,47,392,10,27,3.51,3.52,1.30,113.0,112.6,16.09,,3,80,46,34,0,0.575
2,»ï¼º,1982,887,3043,2647,429,705,126,18,57,1038,374,147,42,307,30,2,349,50,36,18,.266,.347,.392,.739,.338,104.3,18.61,,152,23,8,79,53,26,17,0,704.1,257,211,2830,617,,,57,187,6,30,305,3,10,2.70,3.50,1.14,147.1,113.2,21.11,,2,80,54,26,0,0.675
3,OB,1982,930,3098,2745,399,778,137,23,57,1132,362,106,61,247,41,22,254,35,46,18,.283,.349,.412,.762,.343,107.6,17.97,,156,32,4,80,56,24,10,0,725.1,318,258,3020,625,,,41,289,4,33,317,6,14,3.20,3.60,1.26,121.6,108.3,18.28,,1,80,56,24,0,0.700
4,ÇØÅÂ,1982,873,2990,2665,374,696,110,14,84,1086,332,155,52,235,41,12,296,59,28,21,.261,.328,.408,.736,.332,100.6,15.32,,154,24,2,80,38,42,3,0,708.0,388,298,3067,698,,,50,295,5,39,348,8,17,3.79,3.75,1.40,101.7,102.8,11.88,,4,80,38,42,0,0.475
5,·Ôµ¥,1982,863,3062,2628,353,674,112,8,59,979,325,83,53,326,40,8,315,61,41,27,.256,.344,.373,.717,.329,98.7,12.47,,169,26,4,80,33,48,3,0,713.2,385,313,3080,763,,,69,261,29,29,362,11,14,3.95,3.76,1.44,100.6,105.7,13.66,,5,80,31,49,0,0.388
6,»ï¹Ì,1982,867,2954,2653,302,637,117,20,40,914,272,74,43,221,29,3,369,44,33,17,.240,.304,.345,.648,.298,79.0,6.11,,200,7,0,80,15,65,5,0,701.2,574,479,3217,883,,,93,313,11,50,175,7,22,6.14,5.15,1.71,65.5,78.2,-0.16,,6,80,15,65,0,0.188
1,»ï¼º,1987,1321,4218,3731,583,1120,164,29,105,1657,548,101,51,380,40,15,448,88,26,40,.300,.368,.444,.812,.378,135.1,37.97,,233,26,8,108,64,44,30,0,959.0,427,381,4078,926,,,62,416,19,45,360,5,16,3.58,3.94,1.40,99.8,90.6,14.54,,2,108,64,44,0,0.593
2,·Ôµ¥,1987,1327,4155,3625,432,970,161,27,40,1305,400,99,50,390,34,20,330,102,86,20,.268,.343,.360,.703,.329,100.6,20.38,,197,51,12,108,54,49,9,0,975.2,404,364,4097,971,,,40,331,10,34,504,1,19,3.36,3.06,1.33,105.2,115.5,21.66,,3,108,54,49,5,0.523
3,ºù±×·¹,1987,1353,4054,3547,410,972,144,22,48,1304,370,79,85,326,53,11,423,84,104,23,.274,.342,.368,.710,.330,101.6,18.87,,195,51,6,108,47,57,7,0,955.1,454,401,4020,970,,,75,281,7,37,364,9,11,3.78,3.70,1.31,96.9,98.9,16.29,,6,108,47,57,4,0.454
4,ÇØÅÂ,1987,1284,4085,3609,393,910,151,12,71,1298,368,90,44,335,44,19,379,96,68,26,.252,.321,.360,.681,.318,93.0,15.61,,241,26,8,108,55,48,14,0,982.0,401,345,4050,864,,,52,372,11,32,494,3,12,3.16,3.35,1.26,110.3,104.1,21.88,,1,108,55,48,5,0.532
5,OB,1987,1406,4010,3548,415,927,123,34,30,1208,391,72,49,342,24,7,369,88,70,25,.261,.328,.340,.669,.316,91.0,15.05,,216,38,8,108,55,52,22,0,960.2,405,348,4064,906,,,38,407,6,32,382,5,20,3.26,3.54,1.37,105.4,97.2,16.79,,4,108,55,52,1,0.514
6,Ã»º¸,1987,1496,4026,3499,401,848,152,14,54,1190,372,127,80,400,27,7,502,79,82,17,.242,.323,.340,.664,.313,89.5,14.32,,226,42,5,108,41,65,9,0,956.0,524,463,4140,1063,,,69,327,28,36,328,3,20,4.36,3.77,1.45,82.4,95.2,10.48,,7,108,41,65,2,0.389
7,MBC,1987,1384,4019,3566,388,919,117,38,36,1220,359,91,54,296,43,14,353,80,85,28,.258,.320,.342,.662,.310,86.6,12.78,,233,20,4,108,50,51,26,0,971.2,407,363,4118,966,,,48,335,14,50,372,3,11,3.36,3.49,1.34,102.5,98.7,18.31,,5,108,50,51,7,0.495
1,ÇØÅÂ,1988,1313,4060,3561,503,1009,134,14,112,1507,466,136,58,343,44,11,374,95,77,33,.283,.351,.423,.774,.351,116.5,27.85,,228,26,7,108,68,38,23,0,968.0,364,308,3981,849,,,58,297,7,37,501,3,13,2.86,3.34,1.18,133.7,114.8,27.99,,1,108,68,38,2,0.639
2,»ï¼º,1988,1402,4192,3692,516,1028,148,21,85,1473,486,110,62,381,42,13,493,74,53,24,.278,.351,.399,.750,.345,112.4,26.25,,260,22,9,108,56,50,21,0,968.2,492,449,4151,953,,,80,403,21,40,341,5,23,4.17,4.26,1.40,92.4,90.6,13.52,,4,108,56,50,2,0.528
3,ºù±×·¹,1988,1423,4103,3616,506,961,177,21,73,1399,465,83,51,332,52,7,464,78,70,32,.266,.334,.387,.721,.330,102.1,21.05,,237,27,8,108,62,45,28,0,972.2,441,402,4091,1015,,,72,298,18,39,394,5,12,3.72,3.72,1.35,105.5,105.7,20.60,,2,108,62,45,1,0.579
4,·Ôµ¥,1988,1366,4095,3578,482,967,142,18,68,1349,446,127,64,347,40,16,333,81,104,24,.270,.339,.377,.717,.327,99.7,19.71,,233,30,7,108,57,49,18,0,966.1,443,385,4086,961,,,55,329,8,29,476,8,17,3.59,3.42,1.34,106.8,112.0,20.85,,3,108,57,49,2,0.537
5,ÅÂÆò¾ç,1988,1360,3961,3481,387,908,156,21,58,1280,360,82,63,339,23,21,402,88,95,24,.261,.328,.368,.696,.317,93.3,15.45,,249,20,3,108,34,73,11,0,945.0,544,484,4053,1020,,,79,305,11,38,387,5,18,4.61,3.90,1.40,83.1,98.2,11.25,,7,108,34,73,1,0.319
6,MBC,1988,1298,4101,3652,408,951,132,27,42,1263,373,118,61,321,34,16,384,72,70,23,.260,.324,.346,.670,.310,88.0,14.69,,216,36,4,108,40,64,14,0,961.1,491,422,4188,1038,,,69,373,15,46,347,6,9,3.95,4.05,1.47,94.9,92.6,12.45,,6,108,40,64,4,0.389
7,OB,1988,1448,4043,3583,418,923,145,25,44,1250,387,87,39,321,28,13,374,91,78,31,.258,.321,.349,.670,.308,87.0,14.27,,259,17,5,108,54,52,19,0,969.1,447,402,4105,933,,,69,381,13,35,388,4,16,3.73,3.95,1.36,100.8,95.2,17.24,,5,108,54,52,2,0.509
1,ºù±×·¹,1990,1655,4625,3971,610,1074,174,24,112,1632,560,138,66,495,47,18,617,83,70,42,.270,.355,.411,.766,.355,115.7,32.77,,305,6,1,120,68,50,40,0,1061.1,481,402,4476,971,,,96,420,26,37,555,4,18,3.41,3.92,1.31,115.2,100.3,22.43,,4,120,68,50,2,0.575
2,»ï¼º,1990,1453,4551,3961,593,1040,170,13,131,1629,555,108,54,434,52,12,532,91,68,31,.263,.341,.411,.752,.348,110.9,27.23,,298,20,3,120,66,52,36,0,1070.1,558,491,4630,1053,,,102,512,15,53,475,7,26,4.13,4.46,1.46,95.7,88.6,14.33,,2,120,66,52,2,0.558
3,ÇØÅÂ,1990,1396,4595,3952,538,1066,177,23,87,1550,501,101,66,466,53,28,544,100,95,29,.270,.352,.392,.744,.345,109.2,27.23,,269,34,14,120,68,49,14,0,1067.1,458,399,4435,902,,,75,412,12,50,701,5,22,3.36,3.43,1.23,113.3,111.0,26.29,,3,120,68,49,3,0.579
4,LG,1990,1607,4661,4024,578,1089,156,40,61,1508,528,140,101,465,65,24,450,82,56,50,.271,.352,.375,.726,.341,106.7,26.24,,306,19,5,120,71,49,33,0,1083.0,457,407,4550,981,,,49,410,28,61,548,2,12,3.38,3.37,1.28,111.0,111.3,26.03,,1,120,71,49,0,0.592
5,ÅÂÆò¾ç,1990,1632,4494,3898,485,961,176,25,47,1328,444,133,84,443,43,16,534,93,84,24,.247,.328,.341,.669,.315,88.8,16.85,,313,25,7,121,58,60,27,0,1100.0,524,453,4932,1066,,,59,473,17,32,530,7,36,3.71,3.63,1.40,101.7,103.7,20.67,,5,120,58,59,3,0.496
6,·Ôµ¥,1990,1523,4522,3858,453,946,163,30,41,1292,417,125,64,464,48,12,501,91,119,31,.245,.331,.335,.666,.313,87.5,15.11,,346,19,6,119,44,69,21,0,1045.0,572,514,4505,1035,,,82,435,15,54,481,3,26,4.43,4.03,1.41,87.9,96.6,15.06,,6,120,44,71,5,0.388
7,OB,1990,1574,4471,3902,404,901,153,22,62,1284,380,83,66,425,38,17,562,77,66,40,.231,.310,.329,.639,.301,79.2,8.39,,314,18,6,120,35,80,10,0,1055.2,616,554,4651,1075,,,78,535,14,58,468,5,33,4.72,4.29,1.53,79.5,87.5,8.99,,7,120,35,80,5,0.313
1,ºù±×·¹,1991,1723,4870,4221,644,1155,181,43,136,1830,607,121,63,485,51,22,704,92,84,29,.274,.353,.434,.787,.356,118.7,35.10,,281,30,5,126,72,49,26,0,1102.2,493,411,4754,1014,,,75,420,25,73,601,8,17,3.35,3.76,1.30,118.3,105.6,23.50,,2,126,72,49,5,0.591
2,ÇØÅÂ,1991,1450,4843,4135,618,1069,171,29,144,1730,594,152,77,516,83,12,588,102,74,35,.259,.350,.418,.768,.351,114.9,31.76,,276,34,10,126,79,42,28,0,1130.2,409,363,4546,925,,,73,324,11,53,776,6,21,2.89,3.13,1.11,137.4,127.0,34.99,,1,126,79,42,5,0.647
3,»ï¼º,1991,1706,4875,4182,639,1138,180,25,108,1692,593,126,82,510,59,28,546,106,85,37,.272,.357,.405,.761,.348,112.5,29.69,,347,14,4,126,70,55,38,0,1128.2,579,531,4860,1131,,,108,484,22,40,527,6,32,4.23,4.33,1.43,95.9,93.7,18.28,,3,126,70,55,1,0.560
4,½Ö¹æ¿ï,1991,1552,4734,4114,554,1041,198,30,87,1560,505,130,87,475,66,12,726,93,46,33,.253,.338,.379,.717,.333,102.4,24.67,,350,13,3,126,52,71,31,0,1099.2,638,573,4838,1101,,,116,556,26,64,551,12,35,4.69,4.68,1.51,87.5,87.7,14.41,,6,126,52,71,3,0.425
5,·Ôµ¥,1991,1750,4821,4128,583,1072,177,46,73,1560,533,97,57,457,61,30,515,78,122,47,.260,.339,.378,.717,.325,97.5,21.59,,268,39,5,122,61,59,13,0,1085.1,527,472,4589,1019,,,67,431,10,51,612,7,26,3.91,3.67,1.34,104.0,110.9,22.95,,4,126,61,62,3,0.496
6,OB,1991,1649,4791,4220,501,1054,169,39,59,1478,458,136,78,418,40,23,648,84,91,22,.250,.322,.350,.672,.310,86.7,14.99,,311,28,6,126,51,73,12,0,1119.2,603,538,4850,1093,,,82,510,24,56,489,10,30,4.32,4.22,1.43,89.4,91.6,13.88,,8,126,51,73,2,0.413
7,ÅÂÆò¾ç,1991,1598,4680,4102,426,976,208,25,51,1387,395,143,73,423,43,25,598,80,85,27,.238,.314,.338,.652,.301,81.0,12.58,,317,33,6,130,55,72,20,0,1157.1,590,532,4965,1106,,,100,517,33,43,626,6,39,4.14,4.10,1.40,94.6,95.6,18.81,,5,126,55,69,2,0.444
8,LG,1991,1701,4680,4131,472,1009,158,41,53,1408,430,110,99,400,52,18,475,118,67,29,.244,.317,.341,.658,.306,83.6,11.64,,287,27,3,126,53,72,24,0,1114.2,607,543,4889,1125,,,90,446,23,70,622,7,26,4.38,3.95,1.41,87.9,97.6,15.95,,6,126,53,72,1,0.425
1,»ï¼º,1993,1667,4999,4369,613,1169,169,22,133,1781,592,102,73,465,66,13,662,105,53,38,.268,.344,.408,.752,.349,127.0,38.88,,298,28,11,126,73,48,31,0,1137.0,433,373,4728,991,,,72,457,13,50,683,6,27,2.95,3.39,1.27,112.8,98.2,21.55,,2,126,73,48,5,0.599
2,ÇØÅÂ,1993,1496,4711,4102,513,1030,169,12,95,1508,465,161,73,452,48,6,606,107,71,31,.251,.330,.368,.698,.326,110.3,30.00,,322,16,6,126,81,42,43,0,1129.1,420,367,4630,935,,,76,372,8,75,802,2,21,2.92,3.09,1.16,113.5,107.6,28.04,,1,126,81,42,3,0.655
3,LG,1993,1645,4730,4182,496,1069,176,32,74,1531,463,117,62,376,55,17,594,95,91,26,.256,.323,.366,.689,.320,106.0,25.55,,349,19,6,126,66,57,36,0,1126.2,440,384,4696,1020,,,71,385,23,64,655,3,20,3.07,3.26,1.25,103.0,97.0,19.69,,4,126,66,57,3,0.536
4,OB,1993,1672,4740,4131,473,1066,176,34,59,1487,442,86,49,403,48,16,611,104,118,39,.258,.328,.360,.688,.318,104.5,23.87,,296,26,9,126,66,55,27,0,1128.0,405,362,4618,949,,,39,386,14,49,684,3,30,2.89,2.82,1.18,108.5,111.0,26.21,,3,126,66,55,5,0.544
5,ºù±×·¹,1993,1671,4715,4119,454,982,180,13,81,1431,427,96,50,433,54,16,743,94,73,35,.238,.317,.347,.664,.311,99.2,21.34,,258,33,5,126,61,61,25,0,1127.2,491,434,4720,1035,,,84,370,7,49,669,2,31,3.46,3.34,1.25,95.9,99.4,18.37,,5,126,61,61,4,0.500
6,·Ôµ¥,1993,1604,4675,4077,452,1013,160,38,29,1336,422,174,79,389,53,10,563,75,114,41,.248,.319,.328,.647,.301,92.5,19.11,,265,44,14,126,62,63,17,0,1120.2,462,415,4669,1088,,,57,348,11,30,512,2,28,3.33,3.20,1.28,100.8,105.1,21.36,,6,126,62,63,1,0.496
7,ÅÂÆò¾ç,1993,1435,4532,4025,342,913,169,15,35,1217,314,80,50,343,39,17,776,100,104,21,.227,.293,.302,.595,.278,75.3,10.57,,249,36,2,126,34,82,15,0,1134.2,516,451,4801,1095,,,65,412,21,39,635,2,21,3.58,3.23,1.33,91.0,100.9,16.72,,8,126,34,82,10,0.310
8,½Ö¹æ¿ï,1993,1541,4546,4005,366,903,138,14,46,1207,342,117,80,392,53,12,733,88,74,21,.225,.302,.301,.603,.286,81.0,10.15,,280,24,4,126,43,78,30,0,1106.0,551,491,4787,1032,,,88,528,12,62,654,3,22,4.00,3.88,1.41,81.9,84.3,10.67,,7,126,43,78,5,0.361
1,LG,1994,1541,4886,4265,655,1204,205,36,88,1745,612,143,61,455,70,18,573,83,54,41,.282,.358,.409,.767,.352,123.6,38.57,,360,24,9,126,81,45,46,0,1120.0,452,391,4605,1007,,,68,332,19,60,581,3,23,3.14,3.56,1.20,116.0,102.3,23.62,,1,126,81,45,0,0.643
2,»ï¼º,1994,1678,4801,4161,541,1081,165,22,106,1608,510,120,67,458,64,21,650,95,79,39,.260,.340,.386,.726,.332,108.9,27.19,,299,26,6,126,60,64,24,0,1117.0,499,431,4702,1021,,,85,413,10,52,657,2,44,3.47,3.85,1.28,110.7,100.0,21.41,,5,126,60,64,2,0.484
3,ÇØÅÂ,1994,1460,4757,4254,563,1153,183,17,93,1649,534,164,59,332,44,20,583,75,87,37,.271,.328,.388,.715,.325,104.0,26.55,,284,28,6,126,65,59,24,0,1119.1,509,448,4702,999,,,92,406,20,73,737,6,23,3.60,3.79,1.26,106.5,101.2,21.88,,4,126,65,59,2,0.524
4,·Ôµ¥,1994,1498,4710,4175,489,1072,180,33,58,1492,457,175,88,378,52,19,672,80,57,48,.257,.323,.357,.680,.313,96.3,20.55,,333,14,3,126,56,67,35,0,1112.1,604,549,4791,1156,,,101,419,25,44,590,4,35,4.44,4.11,1.42,86.8,93.8,15.33,,6,126,56,67,3,0.456
5,ÅÂÆò¾ç,1994,1560,4636,4047,485,988,179,18,91,1476,453,66,64,385,53,16,750,86,126,25,.244,.316,.365,.681,.309,93.1,18.49,,314,17,3,126,68,55,47,0,1121.0,471,436,4746,1110,,,59,359,12,44,645,3,40,3.50,3.39,1.31,109.7,113.3,28.42,,2,126,68,55,3,0.552
6,½Ö¹æ¿ï,1994,1718,4690,4142,494,1027,160,20,87,1488,455,151,68,378,45,19,622,86,100,23,.248,.316,.359,.675,.308,92.5,17.92,,306,13,3,126,47,74,30,0,1115.2,634,587,4890,1169,,,110,473,19,74,634,1,33,4.74,4.38,1.47,79.1,85.6,9.73,,8,126,47,74,5,0.393
7,ÇÑÈ­,1994,1673,4691,4063,482,1002,166,15,68,1402,444,94,66,416,63,19,696,97,113,36,.247,.324,.345,.669,.307,91.5,16.46,,270,22,5,126,65,59,29,0,1123.2,510,440,4716,1036,,,95,361,27,40,745,3,34,3.52,3.58,1.24,107.6,105.8,23.44,,3,126,65,59,2,0.524
8,OB,1994,1610,4656,4113,477,1013,159,18,75,1433,459,81,54,364,53,15,712,76,93,33,.246,.313,.348,.662,.304,89.0,15.99,,326,28,9,126,53,72,18,0,1107.2,507,426,4676,1042,,,56,404,16,58,670,2,39,3.46,3.47,1.31,105.2,105.0,21.24,,7,126,53,72,1,0.425
1,OB,1995,1580,4853,4342,629,1154,203,28,106,1731,585,121,57,357,52,16,741,99,62,40,.266,.326,.399,.725,.327,110.5,29.74,,320,22,8,126,74,47,35,0,1148.1,500,437,4800,1031,,,68,399,24,56,701,3,30,3.42,3.49,1.25,103.9,102.1,21.67,,1,126,74,47,5,0.607
2,·Ôµ¥,1995,1606,4830,4197,590,1071,158,51,65,1526,552,220,73,447,71,22,726,74,56,59,.255,.333,.364,.696,.318,103.4,27.29,,340,19,5,126,68,53,28,0,1137.1,493,439,4658,1049,,,83,328,13,53,642,2,32,3.47,3.60,1.21,109.2,105.3,23.90,,2,126,68,53,5,0.560
3,LG,1995,1627,4752,4137,527,1064,170,34,79,1539,472,121,50,421,76,20,621,90,73,45,.257,.334,.372,.706,.321,105.7,26.04,,349,22,5,126,74,48,40,0,1122.1,456,400,4637,996,,,62,322,17,58,607,6,28,3.21,3.42,1.17,111.0,104.2,23.69,,3,126,74,48,4,0.603
4,»ï¼º,1995,1808,4752,4188,558,1047,199,20,94,1568,516,100,44,384,92,21,723,77,55,32,.250,.324,.374,.699,.318,103.7,23.08,,334,18,5,126,60,60,28,0,1116.0,555,483,4807,1018,,,78,450,5,90,672,7,33,3.90,3.95,1.32,97.1,95.7,17.63,,5,126,60,60,6,0.500
5,ÇÑÈ­,1995,1727,4755,4161,510,1037,205,25,96,1580,477,97,65,403,63,22,747,80,100,28,.249,.323,.380,.703,.316,102.3,22.98,,274,36,8,126,55,71,24,0,1119.0,566,502,4812,1091,,,102,411,18,55,793,2,40,4.04,3.78,1.34,91.6,97.9,16.96,,6,126,55,71,0,0.437
6,½Ö¹æ¿ï,1995,1575,4708,4154,476,1054,165,21,83,1510,438,131,70,381,37,25,600,75,103,33,.254,.320,.364,.683,.308,96.5,20.57,,322,21,5,126,45,78,21,0,1109.0,636,575,4860,1134,,,124,476,29,80,622,3,23,4.67,4.57,1.45,80.0,81.7,8.31,,8,126,45,78,3,0.369
7,ÇØÅÂ,1995,1528,4638,4095,431,989,154,22,75,1412,397,130,43,341,77,20,675,94,86,35,.242,.309,.345,.654,.297,89.2,16.45,,316,15,4,126,64,58,40,0,1127.2,434,384,4620,953,,,79,354,19,75,872,3,44,3.06,3.27,1.16,123.0,115.5,31.38,,4,126,64,58,4,0.524
8,ÅÂÆò¾ç,1995,1578,4657,4119,467,965,170,20,82,1421,436,93,48,389,46,15,754,90,67,35,.234,.305,.345,.650,.297,88.7,16.06,,318,21,5,126,48,73,24,0,1112.0,548,484,4754,1109,,,84,383,36,47,690,3,47,3.92,3.61,1.34,94.7,102.7,19.24,,7,126,48,73,5,0.401
1,Çö´ë,1998,1620,4779,4161,633,1123,216,21,142,1807,587,134,85,413,74,16,820,69,91,38,.270,.344,.434,.778,.341,113.2,30.89,,384,11,6,126,81,45,33,0,1121.0,445,377,4684,984,,,98,415,14,33,875,1,37,3.03,3.63,1.25,131.4,109.4,27.63,,1,126,81,45,0,0.643
2,»ï¼º,1998,1542,4918,4263,620,1143,211,20,143,1823,576,117,61,446,80,48,822,103,90,38,.268,.346,.428,.773,.338,110.7,28.20,,374,10,0,126,66,58,26,0,1128.0,584,541,4894,1120,,,133,477,35,69,723,1,42,4.32,4.51,1.42,95.2,91.2,16.21,,3,126,66,58,2,0.532
3,LG,1998,1522,4840,4243,609,1131,229,21,100,1702,567,99,47,417,68,17,699,94,77,35,.267,.339,.401,.740,.329,104.9,27.20,,496,3,1,126,63,62,31,0,1121.1,586,521,4808,1132,,,111,350,20,78,688,1,34,4.18,4.05,1.32,92.5,95.6,15.79,,2,126,63,62,1,0.504
4,½Ö¹æ¿ï,1998,1531,4773,4170,536,1089,176,31,101,1630,499,93,46,440,33,32,758,94,95,34,.261,.334,.391,.725,.320,98.3,22.82,,533,5,1,126,58,66,26,0,1115.1,570,501,4778,1137,,,111,359,21,83,631,4,44,4.04,4.19,1.34,98.3,94.8,17.36,,6,126,58,66,2,0.468
5,·Ôµ¥,1998,1592,4781,4188,536,1070,200,33,86,1594,500,76,54,403,68,24,829,76,89,32,.255,.329,.381,.709,.315,94.9,19.44,,361,20,4,126,50,72,17,0,1114.0,646,570,4812,1149,,,115,381,27,74,693,2,52,4.61,4.15,1.37,87.9,97.6,15.47,,8,126,50,72,4,0.410
6,OB,1998,1480,4717,4223,520,1080,174,28,102,1616,479,123,50,338,56,17,713,87,65,34,.256,.317,.383,.700,.311,91.9,19.40,,399,15,6,126,61,62,28,0,1116.2,506,447,4743,1054,,,88,425,22,55,774,3,59,3.60,3.77,1.32,106.9,102.3,22.15,,4,126,61,62,3,0.496
7,ÇÑÈ­,1998,1656,4693,4162,503,1042,201,10,123,1632,472,94,59,339,72,23,784,94,99,21,.250,.316,.392,.708,.312,92.9,18.01,,396,8,2,126,55,66,30,0,1118.2,578,529,4783,1105,,,114,405,31,40,840,2,41,4.26,3.83,1.35,96.1,106.9,21.02,,7,126,55,66,5,0.455
8,ÇØÅÂ,1998,1490,4678,4129,489,1067,188,8,94,1553,467,58,26,367,57,25,669,125,92,33,.258,.325,.376,.701,.311,92.4,16.74,,387,6,3,126,61,64,39,0,1108.1,531,481,4678,1064,,,121,351,32,76,870,0,35,3.91,3.82,1.28,103.5,106.0,24.06,,5,126,61,64,1,0.488
2,ÇØÅÂ,1999,1591,5256,4549,765,1264,206,12,210,2124,723,98,48,555,58,13,871,105,68,26,.278,.362,.467,.829,.359,109.4,29.08,,450,3,1,132,60,69,28,0,1168.1,743,676,5198,1267,,,182,462,23,104,782,4,47,5.21,5.35,1.48,97.5,94.8,17.46,,4,132,60,69,3,0.465
3,·Ôµ¥,1999,1708,5186,4498,753,1309,261,34,145,2073,709,98,68,465,72,16,815,93,99,52,.291,.363,.461,.824,.355,106.9,28.06,,405,15,2,132,75,52,34,0,1178.0,590,547,5002,1125,,,146,431,14,54,852,6,52,4.18,4.64,1.32,120.1,108.3,28.67,,1,132,75,52,5,0.591
5,µÎ»ê,1999,1655,5229,4587,721,1305,218,31,141,2008,693,136,44,478,49,21,693,126,74,41,.285,.355,.438,.793,.346,100.8,26.54,,545,4,1,132,76,51,40,0,1188.0,657,605,5182,1192,,,133,521,12,72,837,12,61,4.58,4.79,1.44,105.2,100.7,23.49,,2,132,76,51,5,0.598
7,Çö´ë,1999,1639,5260,4456,699,1210,187,18,143,1862,652,109,65,537,98,22,780,88,127,42,.272,.359,.418,.777,.339,96.2,20.52,,467,10,1,132,68,59,25,0,1181.1,646,587,5188,1268,,,141,473,11,60,910,6,32,4.47,4.61,1.47,110.4,107.1,25.35,,3,132,68,59,5,0.535
1,Çö´ë,2000,1633,5240,4478,777,1245,246,25,208,2165,736,104,56,548,94,19,905,87,74,46,.278,.365,.483,.849,.369,119.2,38.53,,431,5,2,133,91,40,51,30,1189.2,528,481,5014,1111,,,95,451,10,34,997,4,46,3.64,3.72,1.31,124.2,121.5,33.47,,1,133,91,40,2,0.695
2,µÎ»ê,2000,1636,5213,4590,694,1325,205,21,150,2022,661,115,29,475,58,10,684,120,43,47,.289,.359,.441,.800,.356,110.2,32.18,,526,3,1,133,76,57,52,39,1172.2,616,550,5147,1189,,,104,517,19,56,829,11,62,4.22,4.32,1.46,105.8,103.5,23.62,,2,133,76,57,0,0.571
3,»ï¼º,2000,1574,5212,4546,744,1223,246,15,177,2030,708,81,37,496,80,23,967,97,47,43,.269,.348,.447,.795,.350,105.9,27.09,,448,6,2,133,69,59,34,28,1184.1,670,610,5229,1233,,,130,524,6,77,880,9,52,4.64,4.61,1.48,102.3,102.9,23.36,,3,133,69,59,5,0.539
8,ÇØÅÂ,2000,1583,5176,4511,588,1137,216,13,86,1637,537,113,53,527,40,16,866,107,64,33,.252,.333,.363,.696,.315,83.1,12.64,,449,10,2,133,57,72,26,20,1197.2,728,659,5349,1284,,,177,491,14,96,881,3,52,4.95,5.04,1.48,94.3,92.6,17.37,,4,133,57,72,4,0.442
1,»ï¼º,2001,1650,5280,4553,739,1262,244,21,162,2034,695,73,44,520,95,27,814,111,69,42,.277,.360,.447,.807,.360,106.8,27.89,,427,7,4,133,81,52,43,20,1187.1,644,582,5243,1195,,,132,561,20,61,844,8,38,4.41,4.66,1.48,108.9,103.2,25.57,,2,133,81,52,0,0.609
2,·Ôµ¥,2001,1747,5308,4521,718,1265,247,24,121,1923,671,106,53,585,60,39,817,89,82,60,.280,.366,.425,.791,.354,103.3,27.54,,476,0,0,133,59,70,33,28,1171.2,670,609,5189,1238,,,128,523,23,61,790,2,53,4.68,4.62,1.50,100.2,101.5,21.38,,8,133,59,70,4,0.457
3,µÎ»ê,2001,1654,5303,4583,732,1266,221,26,130,1929,688,132,34,560,60,27,697,116,54,46,.276,.359,.421,.780,.353,102.1,27.30,,527,1,0,133,65,63,35,40,1180.1,733,651,5282,1290,,,128,546,17,60,799,0,47,4.96,4.66,1.56,92.2,98.1,17.56,,1,133,65,63,5,0.508
4,ÇÑÈ­,2001,1807,5259,4556,659,1255,211,15,148,1940,628,135,65,549,45,28,877,106,75,34,.275,.357,.426,.783,.351,101.1,25.55,,498,7,3,133,61,68,25,32,1185.0,733,638,5331,1288,,,142,541,44,66,813,5,57,4.85,4.72,1.54,100.8,103.5,20.97,,4,133,61,68,4,0.473
5,Çö´ë,2001,1653,5225,4445,711,1192,166,20,169,1905,667,99,55,598,76,14,911,109,77,29,.268,.363,.429,.791,.356,104.6,25.44,,448,6,2,133,72,57,39,22,1183.1,628,570,5218,1250,,,98,531,8,54,757,1,54,4.34,4.37,1.51,108.2,107.4,25.33,,3,133,72,57,4,0.558
7,LG,2001,1803,5319,4521,669,1247,219,24,85,1769,630,96,58,590,52,24,759,100,114,41,.276,.363,.391,.754,.342,95.1,21.70,,531,0,0,133,58,67,26,27,1184.2,732,675,5380,1253,,,127,647,43,69,765,6,52,5.13,4.92,1.60,89.5,93.3,16.18,,6,133,58,67,8,0.464
8,SK,2001,1723,5077,4400,596,1143,215,11,113,1719,555,123,59,457,71,23,770,95,122,26,.260,.337,.391,.728,.327,84.7,13.97,,404,11,3,133,60,71,33,22,1171.1,640,574,5110,1148,,,155,508,31,65,908,1,54,4.41,4.67,1.41,106.7,100.8,22.81,,7,133,60,71,2,0.458
1,»ï¼º,2002,1599,5304,4648,777,1321,266,16,191,2192,731,47,29,469,97,26,804,116,55,34,.284,.360,.472,.831,.362,122.7,38.22,,481,2,1,133,82,47,37,22,1197.2,581,522,5089,1182,,,148,385,16,74,987,3,45,3.92,4.07,1.31,110.0,106.0,25.54,,1,133,82,47,4,0.636
2,KIA,2002,1687,5200,4575,643,1230,220,14,120,1838,611,155,39,454,91,32,914,107,45,35,.269,.344,.402,.746,.331,101.9,28.11,,482,10,1,133,78,51,38,30,1195.0,580,521,5106,1185,,,151,370,14,97,862,2,55,3.92,4.34,1.30,108.5,98.1,22.40,,3,133,78,51,4,0.605
3,SK,2002,1737,5090,4475,618,1207,204,27,158,1939,587,80,55,385,100,15,815,94,96,34,.270,.339,.433,.772,.336,105.2,26.92,,489,5,3,133,61,69,25,15,1179.0,638,586,5074,1150,,,176,402,34,78,948,3,34,4.47,4.47,1.32,94.1,94.1,17.29,,6,133,61,69,3,0.469
4,Çö´ë,2002,1748,5140,4444,658,1160,191,25,173,1920,643,79,50,464,99,26,945,82,99,34,.261,.342,.432,.774,.336,105.2,26.60,,470,3,2,133,70,58,38,36,1186.1,614,559,5131,1219,,,142,416,12,64,890,5,54,4.24,4.24,1.38,100.7,100.7,21.60,,4,133,70,58,5,0.547
5,ÇÑÈ­,2002,1791,5062,4491,603,1148,206,10,170,1884,570,94,65,446,49,22,1064,106,52,22,.256,.328,.420,.748,.328,99.6,22.50,,521,8,1,133,59,69,32,32,1184.2,672,631,5198,1254,,,146,392,29,102,953,4,42,4.79,4.17,1.39,90.7,104.2,20.39,,7,133,59,69,5,0.461
6,µÎ»ê,2002,1693,5083,4498,587,1173,174,21,130,1779,556,106,42,434,58,17,794,107,47,46,.261,.331,.396,.726,.322,95.2,21.04,,515,3,2,133,66,65,38,43,1183.0,562,517,5087,1139,,,99,479,30,60,954,2,44,3.93,3.77,1.37,104.7,109.3,24.76,,5,133,66,65,2,0.504
7,LG,2002,1752,5121,4492,583,1173,212,22,100,1729,541,140,63,412,86,29,951,91,93,37,.261,.332,.385,.717,.316,91.0,20.25,,588,2,0,133,66,61,32,40,1190.2,575,521,5145,1119,,,135,501,30,100,896,5,40,3.94,4.41,1.36,105.0,93.8,20.63,,2,133,66,61,6,0.520
8,·Ôµ¥,2002,1757,4986,4512,463,1105,206,19,85,1604,443,76,63,324,78,14,978,75,49,22,.245,.305,.356,.661,.295,76.7,8.23,,492,5,1,133,35,97,13,19,1168.0,710,615,5156,1269,,,130,443,16,83,775,1,40,4.74,4.43,1.47,88.8,94.9,13.49,,8,133,35,97,1,0.265
1,Çö´ë,2003,1648,5313,4483,723,1280,208,15,175,2043,673,75,48,543,109,23,727,100,139,38,.286,.374,.456,.829,.363,117.7,37.50,,504,2,1,133,80,51,39,43,1190.0,627,550,5197,1245,,,120,457,6,62,840,2,56,4.16,3.95,1.43,103.9,109.3,23.78,,1,133,80,51,2,0.611
2,»ï¼º,2003,1501,5241,4564,769,1295,236,14,213,2198,744,56,32,481,85,19,661,131,73,38,.284,.360,.482,.842,.369,121.3,37.22,,529,2,1,133,76,53,30,41,1183.0,613,574,5150,1199,,,133,494,15,59,808,3,46,4.37,4.22,1.43,99.9,103.4,22.77,,4,133,76,53,4,0.589
3,KIA,2003,1657,5127,4448,657,1211,219,16,129,1849,626,146,67,505,42,18,721,72,94,37,.272,.349,.416,.765,.340,101.8,26.26,,463,12,3,133,78,50,36,34,1178.0,527,478,4999,1092,,,137,414,12,101,820,1,42,3.65,4.16,1.28,117.3,102.9,25.71,,3,133,78,50,5,0.609
4,SK,2003,1656,5157,4445,644,1208,209,16,156,1917,612,82,57,464,89,10,763,87,127,32,.272,.350,.431,.781,.344,104.8,25.84,,530,3,3,133,66,64,43,48,1181.1,642,583,5158,1190,,,135,497,19,83,759,2,42,4.44,4.39,1.43,93.9,95.1,17.27,,2,133,66,64,3,0.508
5,µÎ»ê,2003,1702,5165,4536,563,1251,205,21,90,1768,541,58,36,452,62,17,706,121,63,52,.276,.346,.390,.736,.332,96.0,20.73,,591,7,2,133,57,74,30,53,1175.2,619,555,5144,1194,,,105,464,22,79,654,3,37,4.25,4.14,1.41,97.9,100.5,19.11,,7,133,57,74,2,0.435
6,ÇÑÈ­,2003,1739,5198,4458,577,1131,218,20,121,1752,521,78,57,542,75,22,887,89,102,21,.254,.343,.393,.736,.330,94.4,20.36,,502,4,2,133,63,65,35,31,1192.0,617,580,5165,1184,,,142,437,14,68,772,9,53,4.38,4.25,1.36,99.1,102.2,22.43,,5,133,63,65,5,0.492
7,LG,2003,1694,4964,4375,509,1088,188,29,106,1652,485,135,62,404,70,11,781,90,74,40,.249,.320,.378,.697,.313,82.2,13.46,,588,2,1,133,60,71,37,51,1169.2,579,521,5166,1201,,,120,531,27,60,794,2,49,4.01,4.18,1.48,103.6,99.3,21.01,,6,133,60,71,2,0.458
8,·Ôµ¥,2003,1656,4987,4465,491,1143,232,18,73,1630,451,84,66,338,73,11,848,75,83,28,.256,.317,.365,.682,.307,78.5,11.19,,616,3,0,133,39,91,22,58,1164.1,709,648,5173,1302,,,171,435,16,93,647,3,36,5.01,4.88,1.49,84.5,86.8,10.44,,8,133,39,91,3,0.300
1,Çö´ë,2004,1692,5322,4480,692,1233,190,13,134,1851,653,100,45,607,86,29,871,109,111,38,.275,.370,.413,.783,.354,110.1,31.88,,492,3,0,133,75,53,36,32,1187.0,590,537,5135,1193,,,123,440,0,59,842,4,41,4.07,4.14,1.38,106.4,104.6,24.40,,1,133,75,53,5,0.586
2,KIA,2004,1685,5190,4426,643,1182,224,9,143,1853,610,127,54,549,79,22,693,118,82,54,.267,.354,.419,.773,.349,106.5,28.86,,559,5,3,133,67,61,27,24,1183.0,637,594,5199,1198,,,119,496,13,120,773,1,48,4.52,4.48,1.43,96.6,97.5,21.03,,4,133,67,61,5,0.523
3,»ï¼º,2004,1553,5170,4509,641,1215,225,9,132,1854,600,50,32,460,86,22,704,122,84,31,.269,.346,.411,.757,.343,102.2,26.73,,557,4,2,133,73,52,42,74,1196.1,564,500,5138,1092,,,118,505,17,85,994,6,43,3.76,4.01,1.34,115.4,108.3,27.09,,2,133,73,52,8,0.584
4,SK,2004,1728,5254,4499,655,1223,196,9,138,1851,626,50,47,521,93,24,818,98,105,35,.272,.357,.411,.768,.347,105.4,25.97,,531,3,1,134,61,64,29,49,1191.0,645,581,5240,1177,,,116,545,18,110,894,8,57,4.39,4.32,1.45,95.8,97.4,19.01,,5,133,61,64,8,0.488
5,ÇÑÈ­,2004,1729,5150,4519,632,1213,245,17,140,1912,605,82,58,456,54,14,923,107,88,33,.268,.340,.423,.764,.343,102.5,24.40,,534,3,0,133,53,74,37,36,1180.2,750,688,5267,1290,,,170,455,16,92,699,2,47,5.24,4.99,1.48,84.0,88.4,12.08,,7,133,53,74,6,0.417
6,µÎ»ê,2004,1674,5109,4485,606,1200,202,19,89,1707,573,71,59,433,96,12,780,86,55,40,.268,.342,.381,.723,.333,95.4,21.46,,521,4,2,133,70,62,38,47,1177.2,560,508,5056,1144,,,95,457,18,75,799,3,49,3.88,3.95,1.36,107.9,106.1,25.07,,3,133,70,62,1,0.530
7,LG,2004,1753,5081,4432,588,1150,176,24,102,1680,554,69,48,441,95,18,892,89,73,40,.259,.337,.379,.716,.328,91.7,18.50,,606,3,1,132,59,70,35,64,1159.2,636,565,5156,1231,,,116,536,31,64,780,1,55,4.38,4.38,1.52,95.7,95.9,16.75,,6,133,59,70,4,0.457
8,·Ôµ¥,2004,1661,5075,4462,533,1125,195,21,88,1626,500,129,46,416,92,15,853,99,74,31,.252,.327,.364,.691,.317,84.8,15.36,,538,4,2,133,50,72,29,46,1190.1,608,558,5160,1216,,,109,449,41,76,753,3,43,4.22,4.09,1.40,101.2,104.3,22.80,,8,133,50,72,11,0.410
1,ÇÑÈ­,2005,1507,4841,4304,622,1163,211,9,159,1869,594,62,24,400,75,12,824,121,31,31,.270,.341,.434,.775,.351,111.6,28.62,,549,2,1,126,64,61,36,43,1111.0,603,545,4870,1193,,,111,389,9,88,662,2,35,4.41,4.39,1.42,99.2,99.8,19.05,,4,126,64,61,1,0.512
2,»ï¼º,2005,1602,4975,4234,614,1134,178,6,111,1657,575,97,38,500,109,21,748,112,98,34,.268,.357,.391,.749,.341,105.5,26.13,,552,2,1,126,74,48,37,62,1129.1,528,480,4791,1026,,,109,387,11,79,875,5,49,3.83,3.93,1.25,111.3,108.3,26.24,,1,126,74,48,4,0.607
3,SK,2005,1631,4984,4230,589,1139,174,12,122,1703,559,101,54,495,85,27,806,88,136,38,.269,.355,.403,.757,.339,104.6,25.13,,523,2,2,126,70,50,27,50,1137.0,485,432,4822,1005,,,103,422,12,99,843,1,31,3.42,4.05,1.26,120.8,101.9,25.16,,3,126,70,50,6,0.583
4,Çö´ë,2005,1506,4899,4190,563,1071,168,16,134,1673,529,81,38,458,120,12,817,85,105,26,.256,.344,.399,.743,.336,102.2,24.55,,496,2,0,126,53,70,28,22,1115.2,647,583,4930,1175,,,125,422,2,80,803,3,43,4.70,4.38,1.43,91.2,98.0,16.24,,7,126,53,70,3,0.431
5,LG,2005,1612,4785,4222,601,1098,189,21,105,1644,554,149,45,349,93,12,915,72,80,41,.260,.327,.389,.717,.324,94.1,22.48,,606,3,1,126,54,71,31,59,1102.1,666,600,4969,1212,,,109,480,27,80,781,5,48,4.90,4.33,1.54,85.0,96.1,12.62,,6,126,54,71,1,0.432
6,µÎ»ê,2005,1665,4922,4256,596,1147,183,17,63,1553,558,103,50,465,85,14,701,93,81,35,.270,.351,.365,.715,.330,97.9,21.79,,516,2,1,126,72,51,33,51,1125.0,465,427,4774,1038,,,90,440,13,77,818,2,56,3.42,3.95,1.31,121.2,104.9,27.26,,2,126,72,51,3,0.585
7,KIA,2005,1564,4848,4234,541,1102,183,13,99,1608,507,101,43,430,74,24,718,101,79,31,.260,.337,.380,.717,.326,95.3,19.51,,517,8,1,126,49,76,24,26,1105.0,659,595,4975,1166,,,138,510,16,119,786,3,59,4.85,4.88,1.52,87.7,87.1,11.45,,8,126,49,76,1,0.392
8,·Ôµ¥,2005,1607,4722,4177,500,1058,202,23,83,1555,470,88,52,361,70,11,856,83,94,20,.253,.322,.372,.694,.315,87.4,16.20,,494,2,0,126,58,67,33,24,1120.1,573,536,4845,1097,,,91,408,41,89,817,1,44,4.31,3.83,1.34,95.6,107.4,21.73,,5,126,58,67,1,0.464
1,Çö´ë,2006,1627,4798,4092,547,1104,172,9,92,1570,518,71,47,444,77,17,628,108,153,32,.270,.350,.384,.734,.334,110.2,26.31,,492,2,1,126,70,55,41,45,1114.2,467,426,4771,1053,,,69,394,0,71,816,0,39,3.44,3.29,1.30,105.0,109.7,24.19,,3,126,70,55,1,0.560
2,ÇÑÈ­,2006,1596,4769,4170,511,1057,191,3,110,1584,481,65,28,442,59,13,800,120,68,30,.253,.331,.380,.711,.329,106.5,24.41,,471,11,3,126,67,57,41,47,1121.1,475,420,4731,1077,,,94,373,17,49,760,2,37,3.37,3.52,1.29,111.2,106.5,24.32,,2,126,67,57,2,0.540
3,SK,2006,,,,,,,,,,,,,,,,,,,,,,,,,,,,564,0,0,126,60,65,33,52,1124.0,535,475,4819,1071,,,85,446,24,83,701,2,26,3.80,3.79,1.35,92.4,92.9,15.36,,6,126,60,65,1,0.480
1,SK,2007,1686,4881,4236,603,1118,212,20,112,1706,568,136,68,442,76,22,750,86,87,40,.264,.341,.403,.744,.340,106.9,26.77,,588,1,0,126,73,48,36,77,1139.1,465,410,4852,1079,,,77,445,27,67,650,1,28,3.24,3.85,1.34,117.6,99.1,23.29,,1,126,73,48,5,0.603
2,µÎ»ê,2007,1632,4856,4199,578,1103,209,32,78,1610,543,161,59,449,88,21,748,102,68,51,.263,.343,.383,.726,.335,103.3,26.33,,497,6,4,126,70,54,30,42,1131.1,480,432,4814,1067,,,74,399,24,75,721,4,43,3.44,3.60,1.30,112.6,107.5,25.41,,2,126,70,54,2,0.565
3,LG,2007,1631,4933,4322,532,1160,186,19,78,1618,508,130,46,431,48,24,704,107,89,43,.268,.338,.374,.713,.328,98.3,22.60,,557,2,1,126,58,62,34,58,1135.2,600,547,5014,1181,,,63,514,21,52,630,2,48,4.33,3.88,1.49,89.6,100.0,16.88,,5,126,58,62,6,0.483
4,·Ôµ¥,2007,1600,4894,4273,533,1152,193,18,76,1609,501,67,46,405,73,34,763,87,104,39,.270,.340,.377,.717,.328,98.4,22.40,,523,2,0,126,55,68,22,24,1120.2,554,513,4871,1164,,,93,414,40,69,704,4,46,4.12,3.84,1.41,92.9,99.6,17.56,,7,126,55,68,3,0.447
5,Çö´ë,2007,1666,4920,4260,530,1154,178,7,96,1634,507,51,36,443,60,38,653,111,125,32,.271,.346,.384,.729,.332,101.2,22.29,,550,1,0,126,56,69,27,46,1127.0,615,552,4906,1104,,,119,466,20,48,796,4,32,4.41,4.11,1.39,90.5,97.2,15.99,,6,126,56,69,1,0.448
6,ÇÑÈ­,2007,1593,4805,4128,534,1050,165,13,104,1553,502,48,21,506,56,17,705,128,87,28,.254,.342,.376,.718,.332,101.0,21.23,,450,9,3,126,67,57,39,36,1119.0,481,440,4781,1084,,,84,451,24,53,741,4,38,3.54,3.77,1.37,113.6,106.7,24.70,,3,126,67,57,2,0.540
7,»ï¼º,2007,1657,4895,4186,497,1062,191,9,86,1529,469,101,46,511,63,28,678,93,95,39,.254,.341,.365,.706,.326,97.0,20.97,,547,0,0,126,62,60,41,51,1131.2,509,466,4824,1091,,,90,400,7,58,719,5,35,3.71,3.79,1.32,105.8,103.4,22.85,,4,126,62,60,4,0.508
8,KIA,2007,1535,4811,4204,499,1080,198,16,73,1529,466,70,44,428,55,7,630,117,78,45,.257,.330,.364,.694,.322,94.0,17.21,,530,2,1,126,51,74,26,27,1109.2,602,554,4933,1109,,,103,526,28,97,670,7,60,4.49,4.44,1.47,87.5,88.6,12.75,,8,126,51,74,1,0.408
1,SK,2008,1588,5003,4332,632,1222,215,23,89,1750,591,170,83,491,62,15,735,99,80,38,.282,.361,.404,.765,.353,112.5,30.25,,609,1,1,126,83,43,43,72,1151.0,461,412,4855,1053,,,78,448,13,55,801,2,35,3.22,3.92,1.30,125.9,103.6,26.70,,1,126,83,43,0,0.659
2,·Ôµ¥,2008,1405,4890,4256,624,1200,199,22,93,1722,590,133,68,445,76,13,728,97,62,51,.282,.357,.405,.761,.352,111.9,29.70,,445,9,3,126,69,57,27,38,1119.0,518,453,4769,1134,,,70,409,32,47,671,2,42,3.64,3.90,1.38,110.5,103.3,21.94,,3,126,69,57,0,0.548
3,µÎ»ê,2008,1678,4975,4344,647,1198,166,37,68,1642,598,189,63,472,78,23,719,115,36,44,.276,.354,.378,.732,.343,105.4,27.38,,495,0,0,126,70,56,26,37,1134.2,542,490,4857,1115,,,78,379,13,69,780,5,45,3.89,3.82,1.32,105.3,107.2,22.89,,2,126,70,56,0,0.556
4,ÇÑÈ­,2008,1630,4882,4275,592,1086,204,20,120,1690,566,97,25,463,57,17,770,100,52,35,.254,.333,.395,.728,.336,100.7,23.64,,487,3,1,126,64,62,36,39,1129.2,595,556,4911,1136,,,95,519,28,49,723,4,37,4.43,4.40,1.47,95.8,96.5,18.04,,5,126,64,62,0,0.508
5,»ï¼º,2008,1650,4859,4180,557,1078,187,15,92,1571,520,59,37,505,65,15,699,115,70,38,.258,.344,.376,.720,.335,100.1,21.64,,535,0,0,126,65,61,40,48,1123.1,596,549,4867,1184,,,87,416,4,43,703,4,49,4.40,4.12,1.42,94.4,100.8,19.63,,4,126,65,61,0,0.516
7,KIA,2008,1572,4832,4210,503,1095,188,28,48,1483,465,131,65,453,48,14,642,97,85,35,.260,.336,.352,.689,.321,90.7,16.88,,513,3,1,126,57,69,29,26,1124.0,555,510,4850,1078,,,65,473,9,77,733,5,52,4.08,4.04,1.38,100.3,101.4,21.21,,6,126,57,69,0,0.452
8,LG,2008,1538,4743,4184,468,1070,164,23,66,1478,447,111,45,364,59,6,765,90,85,50,.256,.321,.353,.674,.313,84.8,14.06,,527,1,0,126,46,80,25,40,1108.1,646,597,4976,1239,,,82,480,4,72,631,3,46,4.85,4.46,1.55,84.4,91.9,12.67,,8,126,46,80,0,0.365
1,SK,2009,1705,5379,4574,732,1303,235,17,166,2070,693,181,68,552,84,16,892,103,128,40,.285,.369,.453,.822,.360,106.9,29.10,,556,2,0,133,80,47,33,34,1213.0,550,494,5203,1141,,,130,519,33,54,1032,3,68,3.67,4.22,1.37,129.1,112.3,31.66,,2,133,80,47,6,0.602
2,»ï¼º,2009,1648,5220,4459,685,1224,233,15,146,1925,650,125,50,584,67,23,789,108,67,43,.275,.364,.432,.796,.354,102.8,26.27,,544,3,1,133,64,69,32,45,1163.2,700,644,5209,1226,,,141,609,9,56,905,1,67,4.98,4.90,1.58,98.0,99.6,20.30,,5,133,64,69,0,0.481
3,µÎ»ê,2009,1670,5265,4591,722,1286,215,33,120,1927,669,129,50,522,86,21,849,128,26,40,.280,.362,.420,.781,.353,101.7,25.90,,569,1,0,133,71,60,32,59,1186.1,662,607,5205,1221,,,120,515,7,75,862,3,55,4.60,4.52,1.46,103.2,105.0,23.54,,3,133,71,60,2,0.534
4,È÷¾î·ÎÁî,2009,1633,5211,4486,683,1219,228,20,153,1946,650,192,67,547,63,22,905,116,64,48,.272,.356,.434,.789,.350,99.9,24.27,,581,0,0,133,60,72,29,32,1174.1,762,706,5221,1231,,,176,565,19,61,840,5,51,5.41,5.26,1.53,89.2,91.8,14.18,,6,133,60,72,1,0.451
5,ÇÑÈ­,2009,1700,5273,4620,657,1241,210,13,164,1969,629,69,20,498,81,16,1017,126,43,31,.269,.348,.426,.774,.346,97.3,23.48,,577,4,2,133,46,84,16,34,1174.0,805,743,5346,1335,,,176,569,27,77,908,5,57,5.70,5.17,1.62,85.9,94.6,14.66,,8,133,46,84,3,0.346
6,KIA,2009,1689,5215,4455,706,1191,197,24,156,1904,671,113,52,579,66,26,890,111,74,41,.267,.357,.427,.785,.348,98.8,23.41,,480,4,0,133,81,48,38,36,1199.0,581,522,5176,1178,,,108,441,22,83,893,2,22,3.92,4.13,1.35,120.4,114.3,31.12,,1,133,81,48,4,0.609
7,LG,2009,1656,5248,4505,670,1251,182,21,129,1862,627,141,47,552,49,28,781,124,97,45,.278,.360,.413,.773,.344,95.8,21.71,,598,0,0,133,54,75,25,38,1175.0,763,708,5339,1316,,,165,585,10,91,777,1,56,5.42,5.39,1.62,87.9,88.4,12.78,,7,133,54,75,4,0.406
8,·Ôµ¥,2009,1533,5053,4420,637,1223,252,15,121,1868,597,106,45,456,68,8,816,121,60,49,.277,.350,.423,.773,.345,96.5,20.62,,484,6,6,133,66,67,40,37,1162.1,669,613,5165,1290,,,139,487,33,67,722,3,49,4.75,4.84,1.53,100.9,98.8,20.54,,4,133,66,67,0,0.496
1,µÎ»ê,2010,1701,5252,4538,731,1276,224,25,149,1997,706,128,61,533,89,27,834,97,54,38,.281,.365,.440,.805,.363,114.0,32.99,,559,2,0,133,73,57,30,56,1179.2,669,606,5131,1190,,,135,437,6,85,888,2,58,4.62,4.58,1.38,98.4,99.3,20.44,,3,133,73,57,3,0.549
2,·Ôµ¥,2010,1567,5261,4673,773,1345,220,16,185,2152,739,124,51,420,67,15,873,105,60,41,.288,.352,.461,.813,.362,113.4,32.54,,542,7,3,133,69,61,21,37,1194.0,710,641,5204,1291,,,149,419,41,78,779,3,49,4.83,4.75,1.43,95.7,97.4,18.38,,4,133,69,61,3,0.519
3,»ï¼º,2010,1678,5287,4436,681,1207,212,14,118,1801,630,158,55,621,75,29,916,111,111,44,.272,.368,.406,.774,.350,105.1,28.84,,572,2,1,133,79,52,33,44,1193.2,575,523,5119,1168,,,103,453,11,54,951,3,61,3.94,4.06,1.36,117.0,113.6,28.95,,2,133,79,52,2,0.594
4,LG,2010,1618,5270,4604,688,1270,223,17,121,1890,652,169,56,486,54,25,907,97,82,44,.276,.349,.411,.759,.342,100.2,24.72,,646,3,1,133,57,71,31,59,1188.0,746,690,5326,1279,,,125,560,23,104,793,6,74,5.23,4.94,1.55,87.0,92.1,14.38,,6,133,57,71,5,0.429
5,SK,2010,1715,5213,4439,704,1217,222,16,120,1831,648,161,69,484,99,25,813,86,147,44,.274,.355,.412,.768,.342,100.2,24.01,,549,2,1,133,84,47,36,39,1198.1,545,494,5114,1074,,,117,543,27,47,1091,2,80,3.71,4.14,1.35,122.6,109.7,29.64,,1,133,84,47,2,0.632
6,KIA,2010,1623,5166,4416,611,1148,190,17,106,1690,574,117,52,523,85,14,865,110,109,33,.260,.347,.383,.730,.332,93.4,19.55,,539,4,1,133,59,74,25,40,1183.2,641,577,5205,1227,,,93,468,19,81,885,4,53,4.39,4.16,1.43,104.0,109.8,23.68,,5,133,59,74,0,0.444
7,³Ø¼¾,2010,1680,5139,4452,570,1165,199,20,87,1665,539,135,56,480,68,16,874,119,95,43,.262,.340,.374,.714,.325,88.8,16.83,,597,1,1,133,52,78,27,39,1185.2,652,599,5231,1162,,,122,614,17,95,832,3,66,4.55,4.97,1.50,100.0,91.5,18.15,,7,133,52,78,3,0.391
8,ÇÑÈ­,2010,1751,5009,4321,543,1053,160,13,104,1551,508,121,70,497,80,10,943,106,75,33,.244,.331,.359,.690,.317,83.7,11.27,,556,6,4,133,49,82,24,28,1169.1,763,705,5267,1290,,,146,550,17,73,806,5,65,5.43,5.09,1.57,85.2,90.9,14.30,,8,133,49,82,2,0.368
1,·Ôµ¥,2011,1671,5234,4599,713,1324,226,30,111,1943,666,112,58,466,64,19,836,124,61,44,.288,.358,.422,.781,.359,115.8,33.92,,552,3,2,133,72,56,27,45,1187.0,619,554,5114,1256,,,113,430,19,58,787,4,62,4.20,4.29,1.42,99.9,97.8,19.93,,3,133,72,56,5,0.563
1,»ï¼º,2012,1668,5161,4436,628,1205,200,26,89,1724,585,125,48,500,86,19,813,91,91,47,.272,.353,.389,.742,.344,113.9,33.80,,522,3,0,133,80,51,39,71,1187.2,473,448,4941,1085,,,65,384,14,37,885,5,46,3.39,3.35,1.24,112.5,113.9,28.68,,1,133,80,51,2,0.611
2,SK,2012,1642,4996,4347,564,1120,197,15,108,1671,523,104,75,445,58,19,864,85,118,28,.258,.333,.384,.717,.330,103.9,24.08,,549,0,0,133,71,59,40,69,1181.1,528,502,5007,1114,,,90,457,26,70,814,7,35,3.82,3.99,1.33,99.6,95.5,21.45,,2,133,71,59,3,0.546
3,KIA,2012,1613,5131,4348,553,1112,197,19,54,1509,518,132,51,544,60,18,790,100,132,47,.256,.343,.347,.690,.321,98.1,23.96,,535,11,6,133,62,65,27,33,1183.2,564,513,5101,1161,,,69,452,13,68,822,6,56,3.90,3.76,1.36,96.9,100.6,19.93,,5,133,62,65,6,0.488
4,³Ø¼¾,2012,1626,5021,4338,549,1056,189,28,102,1607,509,179,72,476,72,17,892,79,92,43,.243,.325,.370,.696,.322,98.7,23.82,,493,3,1,133,61,69,36,34,1187.1,551,505,5116,1131,,,80,535,9,74,853,0,62,3.83,4.06,1.40,100.1,94.4,19.29,,6,133,61,69,3,0.469
5,LG,2012,1733,5180,4539,544,1184,212,18,59,1609,512,140,57,458,53,19,857,107,80,50,.261,.332,.354,.687,.321,97.7,23.42,,576,1,0,133,57,72,35,64,1202.0,580,537,5188,1235,,,65,422,23,71,735,6,57,4.02,3.76,1.38,95.0,101.7,20.38,,7,133,57,72,4,0.442
6,ÇÑÈ­,2012,1769,5057,4331,509,1077,208,12,71,1522,479,107,53,538,61,17,907,102,100,27,.249,.338,.351,.690,.323,99.1,22.28,,550,3,0,133,53,77,29,54,1172.1,647,593,5092,1148,,,106,488,18,68,936,3,82,4.55,4.06,1.40,85.9,96.3,15.31,,8,133,53,77,3,0.408
7,·Ôµ¥,2012,1701,5043,4481,509,1179,202,16,73,1632,479,119,53,375,54,19,890,91,107,26,.263,.326,.364,.690,.319,96.5,21.38,,598,3,1,133,65,62,39,63,1190.1,518,460,5070,1145,,,74,469,20,53,825,1,65,3.48,3.79,1.36,110.2,101.1,22.80,,4,133,65,62,6,0.512
8,µÎ»ê,2012,1645,4938,4379,524,1139,172,26,59,1540,490,116,51,362,54,12,659,129,102,40,.260,.322,.352,.673,.313,91.9,20.59,,513,9,3,133,68,62,38,47,1193.1,519,475,5012,1053,,,66,491,17,57,802,4,57,3.58,3.81,1.29,106.8,100.3,22.79,,3,133,68,62,3,0.523
1,µÎ»ê,2013,1649,5142,4401,699,1271,217,37,95,1847,654,172,61,524,79,19,717,105,82,56,.289,.370,.420,.790,.363,114.5,34.07,,537,1,0,128,71,54,30,42,1150.1,625,584,5043,1183,,,84,514,0,76,848,6,55,4.57,4.36,1.48,93.1,97.5,17.90,,2,128,71,54,3,0.568
2,»ï¼º,2013,1616,5042,4370,669,1235,212,17,113,1820,624,95,41,453,93,9,818,98,84,41,.283,.359,.416,.776,.357,110.1,29.91,,508,2,1,128,75,51,31,49,1146.2,545,507,4896,1119,,,98,411,0,60,955,4,44,3.98,4.03,1.33,107.6,106.4,24.31,,1,128,75,51,2,0.595
3,³Ø¼¾,2013,1581,5015,4294,646,1167,209,11,125,1773,607,131,65,505,98,12,912,94,76,42,.272,.358,.413,.771,.355,109.1,28.74,,541,0,0,128,72,54,50,70,1146.1,576,525,4996,1160,,,75,503,0,84,860,3,52,4.12,4.24,1.45,105.7,102.9,22.46,,4,128,72,54,2,0.571
4,SK,2013,1556,4950,4278,588,1134,189,20,124,1735,558,144,63,465,86,25,918,99,83,37,.265,.346,.406,.752,.344,101.7,25.40,,522,4,1,128,62,63,31,38,1139.0,571,527,4932,1091,,,101,505,0,70,878,5,66,4.16,4.47,1.40,104.2,97.0,20.74,,6,128,62,63,3,0.496
5,LG,2013,1613,4934,4291,616,1210,194,38,59,1657,574,139,71,451,59,11,806,80,91,42,.282,.355,.386,.741,.343,100.9,24.48,,579,4,2,128,74,54,42,86,1134.2,510,469,4848,1131,,,74,406,0,87,822,2,46,3.72,4.05,1.36,114.1,104.8,24.89,,3,128,74,54,0,0.578
6,KIA,2013,1598,5051,4318,587,1125,195,13,88,1610,545,141,47,537,75,8,864,110,78,42,.261,.349,.373,.722,.337,96.9,22.70,,551,2,0,128,51,74,32,50,1142.1,711,650,5200,1307,,,88,532,0,76,923,6,73,5.12,4.33,1.61,83.8,99.1,13.69,,8,128,51,74,3,0.408
7,·Ôµ¥,2013,1564,4978,4289,556,1118,208,18,61,1545,522,133,58,502,72,22,862,92,74,41,.261,.345,.360,.705,.330,91.9,19.58,,537,1,1,128,66,58,38,64,1149.1,553,502,4986,1148,,,84,489,0,62,820,0,45,3.93,4.31,1.42,111.2,101.4,22.99,,5,128,66,58,4,0.532
8,ÇÑÈ­,2013,1645,4915,4271,480,1106,212,13,47,1485,448,70,49,479,80,11,933,140,54,30,.259,.343,.348,.690,.327,89.8,16.56,,538,2,0,128,42,85,22,34,1129.0,711,666,5073,1195,,,98,532,0,95,822,8,89,5.31,4.69,1.53,81.7,92.6,11.65,,9,128,42,85,1,0.331
9,NC,2013,1681,4866,4282,512,1045,209,25,86,1562,485,142,47,434,62,11,955,94,55,31,.244,.320,.365,.685,.319,84.3,13.35,,510,5,1,128,52,72,26,31,1144.1,551,503,4919,1077,,,96,458,0,94,857,6,60,3.96,4.39,1.34,108.6,97.9,21.63,,7,128,52,72,4,0.419
1,³Ø¼¾,2014,1573,5163,4434,841,1323,275,31,199,2257,786,100,44,523,101,10,849,100,65,40,.298,.382,.509,.891,.388,115.7,33.72,20.41,530,0,0,128,78,48,35,55,1131.2,716,668,5107,1299,231,18,142,516,2,61,901,4,55,5.31,5.42,1.60,99.2,98.8,21.94,-5.37,2,128,78,48,2,0.619
2,»ï¼º,2014,1590,5152,4464,812,1345,238,23,161,2112,763,161,46,507,62,11,743,88,76,43,.301,.377,.473,.850,.374,107.9,29.92,20.50,543,3,1,128,78,47,35,65,1144.0,621,583,4990,1217,257,23,120,395,11,61,996,3,51,4.59,4.65,1.41,115.3,113.6,28.70,-4.68,1,128,78,47,3,0.624
3,µÎ»ê,2014,1585,5083,4427,687,1299,235,26,108,1910,646,111,44,468,64,10,731,103,81,43,.293,.366,.431,.798,.356,104.7,26.85,8.74,564,4,0,128,59,68,19,61,1123.2,733,679,5066,1311,243,29,121,450,4,58,840,4,56,5.44,5.11,1.57,90.9,98.3,16.98,-12.86,6,128,59,68,1,0.465
4,SK,2014,1537,5082,4423,735,1285,245,22,115,1919,696,139,46,447,72,12,926,92,91,49,.291,.362,.434,.795,.353,99.5,23.83,15.99,556,2,0,128,61,65,26,44,1129.1,760,699,5112,1271,241,21,153,522,19,68,837,1,67,5.57,5.65,1.59,91.6,92.6,15.82,-18.10,5,128,61,65,2,0.484
5,·Ôµ¥,2014,1615,5194,4487,716,1289,252,26,121,1956,686,63,41,534,70,19,964,95,62,41,.287,.369,.436,.805,.359,100.1,23.49,6.52,528,0,0,128,57,68,28,56,1100.0,705,645,4940,1268,243,26,126,456,11,52,756,1,52,5.28,5.33,1.57,103.3,100.2,21.29,-11.89,7,128,58,69,1,0.457
6,NC,2014,1743,5031,4426,737,1249,228,36,143,1978,697,154,47,443,67,9,918,90,44,51,.282,.353,.447,.800,.354,97.6,23.06,12.02,580,3,1,128,70,57,31,59,1135.2,608,554,5003,1174,223,12,117,481,8,73,848,5,50,4.39,5.14,1.46,118.5,102.6,25.28,-5.78,3,128,70,57,1,0.551
7,KIA,2014,1671,5023,4443,662,1279,246,27,121,1942,631,121,63,416,62,11,870,95,67,35,.288,.355,.437,.792,.351,95.8,19.71,5.43,507,2,1,128,54,74,26,40,1121.2,788,735,5143,1289,252,32,116,561,8,67,896,1,78,5.90,5.26,1.65,88.5,100.6,17.24,-15.93,8,128,54,74,0,0.422
8,LG,2014,1658,5070,4349,667,1214,213,22,90,1741,623,104,64,524,63,16,817,112,77,57,.279,.361,.400,.761,.343,95.6,19.05,7.69,574,2,1,128,62,64,35,65,1142.2,643,584,5028,1211,194,27,104,419,25,95,810,1,51,4.60,4.91,1.43,107.6,102.8,23.87,-9.04,4,128,62,64,2,0.492
9,ÇÑÈ­,2014,1589,5055,4417,619,1251,223,24,104,1834,594,70,41,490,55,5,839,125,50,43,.283,.359,.415,.774,.349,89.3,16.08,9.13,530,2,1,130,49,77,26,30,1129.0,889,800,5312,1451,264,48,162,537,14,81,748,3,83,6.38,6.00,1.76,85.1,88.0,11.26,-23.12,9,128,49,77,2,0.389
1,µÎ»ê,2016,1812,5841,5044,935,1504,284,25,183,2387,877,85,45,600,86,11,884,121,43,68,.298,.378,.473,.851,.379,116.8,34.81,23.69,579,2,2,144,93,50,36,55,1287.2,682,638,5658,1385,246,30,136,498,7,77,982,4,66,4.46,4.96,1.46,114.6,101.0,24.93,-2.18,1,144,93,50,1,0.650
2,NC,2016,1941,5833,5007,857,1457,249,19,169,2251,808,99,41,609,93,18,1023,133,70,52,.291,.375,.450,.824,.369,108.6,28.87,16.13,628,0,0,144,83,58,36,62,1286.1,690,642,5643,1314,208,18,137,516,2,86,1147,7,84,4.49,4.79,1.42,113.3,107.4,25.78,-3.70,2,144,83,58,3,0.589
3,³Ø¼¾,2016,1780,5702,4990,813,1464,254,39,134,2198,765,154,83,556,63,17,956,121,34,59,.293,.368,.440,.808,.364,100.8,23.47,16.99,608,0,0,144,77,66,38,74,1280.1,757,705,5684,1487,249,27,152,435,3,68,895,3,50,4.96,5.11,1.50,106.0,101.4,21.57,-11.47,3,144,77,66,1,0.538
4,»ï¼º,2016,1808,5863,5093,852,1492,249,34,142,2235,792,104,50,552,75,15,864,119,88,55,.293,.367,.439,.806,.360,100.1,22.21,13.64,647,2,0,144,65,78,34,60,1282.1,869,804,5799,1507,251,20,193,518,6,87,935,8,52,5.64,5.69,1.58,93.4,91.7,12.55,-20.19,9,144,65,78,1,0.455
5,·Ôµ¥,2016,1840,5784,5001,777,1439,252,20,127,2112,732,145,64,596,83,18,1061,120,62,41,.288,.370,.422,.793,.359,100.4,21.46,14.15,668,2,1,144,66,78,27,59,1266.1,865,792,5785,1486,276,32,161,585,27,78,1009,5,82,5.63,5.36,1.64,92.8,97.5,11.08,-20.15,8,144,66,78,0,0.458
6,KIA,2016,1924,5696,4999,803,1429,264,28,170,2259,754,101,50,499,87,12,997,109,66,45,.286,.358,.452,.810,.360,99.6,21.40,10.68,635,7,1,144,70,73,38,74,1276.0,785,708,5771,1456,230,23,131,561,18,59,965,7,69,4.99,5.03,1.58,103.7,103.8,19.63,-12.19,5,144,70,73,1,0.490
7,LG,2016,1936,5765,5051,786,1464,238,26,118,2108,744,121,70,523,72,10,982,92,65,54,.290,.361,.417,.779,.352,98.0,20.29,13.27,676,2,2,144,71,71,34,75,1287.2,807,729,5782,1426,243,23,122,539,27,109,909,1,84,5.10,5.06,1.53,99.8,99.0,14.32,-13.17,4,144,71,71,2,0.500
8,SK,2016,1834,5672,5023,753,1464,234,19,182,2282,715,89,60,429,102,13,1018,104,71,47,.291,.356,.454,.811,.359,100.1,20.23,7.56,600,1,0,144,69,75,31,43,1274.0,784,699,5659,1386,232,22,151,527,18,76,945,7,65,4.94,5.23,1.50,105.7,100.3,18.28,-10.56,6,144,69,75,0,0.479
9,ÇÑÈ­,2016,1888,5838,5109,826,1478,242,27,142,2200,787,64,38,510,91,19,1025,123,87,41,.289,.362,.431,.792,.355,95.6,17.49,14.55,680,1,0,144,66,75,24,39,1292.2,908,828,5937,1520,230,15,155,634,23,76,976,6,72,5.76,5.44,1.67,91.1,96.5,13.12,-19.05,7,144,66,75,3,0.468
1,Å°¿ò,2019,1637,5658,4991,780,1405,252,37,112,2067,741,110,33,514,69,13,943,122,36,48,.282,.354,.414,.768,.352,113.8,32.46,9.03,611,2,2,144,86,57,39,90,1279.0,572,512,5427,1293,244,24,61,371,3,58,984,6,45,3.60,3.48,1.30,114.9,118.7,22.38,5.42,2,144,86,57,1,0.601
2,µÎ»ê,2019,1738,5669,4912,736,1364,235,31,84,1913,692,102,38,562,73,16,799,117,39,83,.278,.355,.389,.745,.344,109.5,27.97,6.12,621,3,0,144,88,55,44,69,1283.2,550,501,5434,1259,231,22,78,380,22,70,860,5,49,3.51,3.85,1.28,116.9,106.0,23.81,10.43,1,144,88,55,1,0.615
3,NC,2019,1783,5631,4968,674,1383,249,26,128,2068,639,86,45,456,83,14,880,126,64,60,.278,.345,.416,.762,.346,107.7,26.43,-1.13,645,5,2,144,73,69,32,68,1284.1,631,573,5578,1285,199,19,103,483,10,92,991,2,68,4.02,4.22,1.38,104.9,100.0,17.55,3.13,5,144,73,69,2,0.514
4,KT,2019,1883,5572,4956,650,1374,186,20,103,1909,615,103,44,475,51,15,973,113,45,45,.277,.344,.385,.729,.336,102.8,23.28,1.76,567,2,1,144,71,70,37,59,1276.0,661,611,5529,1302,225,25,118,481,17,61,847,6,50,4.31,4.51,1.40,96.0,91.2,12.47,-1.44,6,144,71,71,2,0.500
5,LG,2019,1825,5532,4924,641,1315,233,15,94,1860,604,107,47,434,77,17,961,117,49,48,.267,.333,.378,.711,.327,98.8,21.84,2.58,600,1,0,144,78,64,43,61,1282.1,633,554,5552,1257,223,23,89,498,15,91,952,1,64,3.89,4.16,1.37,105.6,97.9,14.99,5.28,4,144,79,64,1,0.552
6,SK,2019,1731,5542,4919,655,1290,218,14,117,1887,622,118,50,462,87,20,966,92,35,38,.262,.334,.384,.718,.331,97.2,19.10,0.55,628,0,0,144,88,55,51,92,1292.1,546,503,5463,1240,176,14,99,436,12,50,1092,4,50,3.50,3.81,1.30,121.5,112.2,30.31,16.03,3,144,88,55,1,0.615
7,KIA,2019,1807,5505,4874,605,1286,248,19,76,1800,566,87,42,496,59,13,919,108,31,45,.264,.336,.369,.706,.328,95.8,17.66,-3.84,603,3,2,144,62,79,30,64,1264.0,723,655,5614,1362,257,24,101,504,17,76,976,2,51,4.66,4.23,1.48,89.9,98.9,14.08,-5.39,7,144,62,80,2,0.437
8,»ï¼º,2019,1652,5533,4866,622,1245,230,26,122,1893,598,107,42,478,78,15,976,107,58,53,.256,.329,.389,.718,.328,94.6,17.27,-4.93,627,4,4,144,60,83,29,60,1275.1,731,658,5638,1332,254,36,125,523,9,70,924,5,49,4.64,4.60,1.46,93.5,92.7,11.56,-6.64,8,144,60,83,1,0.420
9,ÇÑÈ­,2019,1738,5482,4882,607,1249,223,16,88,1768,562,105,51,441,70,12,1090,112,44,45,.256,.324,.362,.686,.317,92.1,14.98,-7.10,649,2,0,144,58,86,28,43,1268.2,737,679,5655,1407,238,19,120,526,9,72,934,4,66,4.82,4.55,1.52,86.0,91.4,11.74,-6.91,9,144,58,86,0,0.403
10,·Ôµ¥,2019,1821,5488,4919,578,1231,214,22,90,1759,545,62,31,430,64,12,1085,108,35,40,.250,.316,.358,.674,.312,86.0,10.91,-10.09,664,1,1,144,48,93,16,47,1270.1,764,688,5726,1405,241,20,120,546,33,71,1032,4,103,4.87,4.39,1.54,86.0,95.6,11.97,-12.89,10,144,48,93,3,0.340
1,NC,2020,538,1655,1449,272,431,83,6,60,706,263,27,10,146,34,4,292,28,11,15,.297,.372,.487,.859,.377,120.1,10.57,7.19,196,0,0,41,29,12,12,26,371.0,189,180,1588,346,60,4,45,148,3,19,314,3,20,4.37,4.84,1.33,112.5,101.5,6.76,1.33,1,41,29,12,0,0.707
2,µÎ»ê,2020,547,1722,1506,264,450,89,6,43,680,251,17,11,156,24,7,261,46,9,27,.299,.368,.452,.819,.363,118.4,10.01,6.16,191,0,0,42,26,16,12,13,377.2,237,213,1699,438,100,5,30,141,5,19,280,1,22,5.08,4.41,1.53,93.1,106.5,4.53,-1.29,2,42,26,16,0,0.619
3,Å°¿ò,2020,537,1709,1476,249,394,74,10,51,641,231,29,7,186,22,4,327,30,8,17,,,,,,,,,193,0,0,43,26,17,8,18,379.0,197,176,1612,395,59,4,42,104,3,23,272,5,16,4.18,4.61,1.32,114.4,102.7,6.31,-0.15,3,43,26,17,0,0.605
